{
    "session": "Micha\u0142_80bpm",
    "cadence_bpm": 80.25322810652479,
    "total_steps": 54,
    "rr_mean_ms": 506.50889313288394,
    "rr_std_ms": 65.6448326127296,
    "pq_mean_ms": 154.62611098810734,
    "qt_mean_ms": 241.74055857793525,
    "hr_mean_bpm": 118.4579398574525
}