{
    "session": "Micha\u0142_spoczynkowe",
    "cadence_bpm": 0,
    "total_steps": 1,
    "rr_mean_ms": 648.8680798704717,
    "rr_std_ms": 69.9087289571279,
    "pq_mean_ms": 148.13777963437462,
    "qt_mean_ms": 251.00324453273848,
    "hr_mean_bpm": 92.46871877559045
}