{
    "session": "Micha\u0142_120bpm",
    "cadence_bpm": 119.55914261521902,
    "total_steps": 54,
    "rr_mean_ms": 444.5096005367022,
    "rr_std_ms": 47.38954941442686,
    "pq_mean_ms": 158.10026442525353,
    "qt_mean_ms": 233.5210137174076,
    "hr_mean_bpm": 134.98021173795982
}