{
    "session": "Micha\u0142_80bpm",
    "total_steps": 54,
    "cadence_bpm": 80.25322810652479,
    "walk_duration_s": 39.62457430097392,
    "hr_start_bpm": 107.14402014978015,
    "hr_max_bpm": 136.67241309915875,
    "time_to_peak_s": 45.857500828749366,
    "hr_delta_bpm": 29.5283929493786,
    "hr_recovery_bpm": 0.6242868743784129,
    "hr_mean_bpm": 118.4579398574525,
    "rr_mean_ms": 506.50889313288394,
    "rr_std_ms": 65.6448326127296,
    "pq_mean_ms": 154.62611098810734,
    "qt_mean_ms": 241.74055857793525
}