{
    "session": "Micha\u0142_160bpm",
    "total_steps": 52,
    "cadence_bpm": 151.63184544733176,
    "walk_duration_s": 20.18045741626794,
    "hr_start_bpm": 131.91991947739433,
    "hr_max_bpm": 158.14521542714948,
    "time_to_peak_s": 29.586531621171083,
    "hr_delta_bpm": 26.22529594975515,
    "hr_recovery_bpm": 12.794289946887432,
    "hr_mean_bpm": 144.8611201207548,
    "rr_mean_ms": 414.18981124807397,
    "rr_std_ms": 37.76462311481887,
    "pq_mean_ms": 134.58268376688116,
    "qt_mean_ms": 220.91358533350277
}