{
    "session": "Micha\u0142_120bpm",
    "total_steps": 54,
    "cadence_bpm": 119.55914261521902,
    "walk_duration_s": 26.597714992272024,
    "hr_start_bpm": 117.3143083838839,
    "hr_max_bpm": 147.4154422069008,
    "time_to_peak_s": 33.53213588807057,
    "hr_delta_bpm": 30.101133823016895,
    "hr_recovery_bpm": 7.665466591182025,
    "hr_mean_bpm": 134.98021173795982,
    "rr_mean_ms": 444.5096005367022,
    "rr_std_ms": 47.38954941442686,
    "pq_mean_ms": 148.61557955677293,
    "qt_mean_ms": 226.95451568725102
}