{
    "session": "Sebastian_spoczynkowe",
    "cadence_bpm": 0,
    "total_steps": 0,
    "rr_mean_ms": 666.8555038305713,
    "rr_std_ms": 48.52669740411077,
    "pq_mean_ms": 104.88179290316512,
    "qt_mean_ms": 349.9768581758575,
    "hr_mean_bpm": 89.97451420187164
}