{
    "session": "Sebastian_120bpm",
    "total_steps": 60,
    "cadence_bpm": 120.93408101411437,
    "walk_duration_s": 29.272145373038743,
    "hr_start_bpm": 115.81276394594693,
    "hr_max_bpm": 151.52740601183098,
    "time_to_peak_s": 34.395817420950394,
    "hr_delta_bpm": 35.71464206588405,
    "hr_recovery_bpm": 25.638443707249635,
    "hr_mean_bpm": 134.4837314453041,
    "rr_mean_ms": 446.1506187787674,
    "rr_std_ms": 38.57355415758907,
    "pq_mean_ms": 87.57593410960915,
    "qt_mean_ms": 247.40154822073234
}