{
    "session": "Sebastian_180bpm",
    "cadence_bpm": 168.11948319991834,
    "total_steps": 62,
    "rr_mean_ms": 437.2845331390633,
    "rr_std_ms": 51.06192354616946,
    "pq_mean_ms": 118.61328288421312,
    "qt_mean_ms": 263.88544817215234,
    "hr_mean_bpm": 137.21043268850093
}