{
    "session": "Tomasz_180bpm",
    "cadence_bpm": 141.12602537666132,
    "total_steps": 58,
    "rr_mean_ms": 489.7037952841426,
    "rr_std_ms": 33.56528841566995,
    "pq_mean_ms": 146.9053110328638,
    "qt_mean_ms": 294.0358793788371,
    "hr_mean_bpm": 122.52304470130967
}