{
    "session": "Tomasz_120bpm",
    "total_steps": 59,
    "cadence_bpm": 116.71819986288332,
    "walk_duration_s": 29.815401574803147,
    "hr_start_bpm": 110.87583374920084,
    "hr_max_bpm": 123.20558665604354,
    "time_to_peak_s": 36.55221639105989,
    "hr_delta_bpm": 12.3297529068427,
    "hr_recovery_bpm": 13.329538002384524,
    "hr_mean_bpm": 117.27298800538654,
    "rr_mean_ms": 511.6267694760545,
    "rr_std_ms": 25.711087303404334,
    "pq_mean_ms": 126.05576312760671,
    "qt_mean_ms": 186.79984218717217
}