{
    "session": "Tomasz_80bpm",
    "total_steps": 59,
    "cadence_bpm": 80.57069843485034,
    "walk_duration_s": 43.19188076561029,
    "hr_start_bpm": 109.23412717380465,
    "hr_max_bpm": 123.63100236942188,
    "time_to_peak_s": 58.88472262315657,
    "hr_delta_bpm": 14.396875195617227,
    "hr_recovery_bpm": 2.1622526741953294,
    "hr_mean_bpm": 115.04470386224003,
    "rr_mean_ms": 521.5363939903469,
    "rr_std_ms": 20.77024447149169,
    "pq_mean_ms": 144.61015664477011,
    "qt_mean_ms": 192.98644411177173
}