{
    "session": "Tomasz_120bpm",
    "cadence_bpm": 116.71819986288332,
    "total_steps": 59,
    "rr_mean_ms": 511.6267694760545,
    "rr_std_ms": 25.711087303404334,
    "pq_mean_ms": 163.75472236308318,
    "qt_mean_ms": 273.57882678933635,
    "hr_mean_bpm": 117.27298800538654
}