{
    "session": "Tomasz_spoczynkowe",
    "total_steps": 0,
    "cadence_bpm": 0,
    "walk_duration_s": 0,
    "hr_start_bpm": 96.55266947209319,
    "hr_max_bpm": 107.63940069472939,
    "time_to_peak_s": 57.02530043811265,
    "hr_delta_bpm": 11.086731222636203,
    "hr_recovery_bpm": 8.775580300413324,
    "hr_mean_bpm": 94.4950169378186,
    "rr_mean_ms": 634.9541165697905,
    "rr_std_ms": 44.65582565215202,
    "pq_mean_ms": 136.34837464602973,
    "qt_mean_ms": 242.26890078827935
}