{
    "session": "Tomasz_80bpm",
    "cadence_bpm": 80.57069843485034,
    "total_steps": 59,
    "rr_mean_ms": 521.5363939903469,
    "rr_std_ms": 20.77024447149169,
    "pq_mean_ms": 180.35440879231936,
    "qt_mean_ms": 310.98809616356357,
    "hr_mean_bpm": 115.04470386224003
}