{
    "session": "Tomasz_160bpm",
    "total_steps": 58,
    "cadence_bpm": 141.12602537666132,
    "walk_duration_s": 24.233659177122846,
    "hr_start_bpm": 109.65782558397022,
    "hr_max_bpm": 132.72698497062817,
    "time_to_peak_s": 21.44529212764043,
    "hr_delta_bpm": 23.069159386657944,
    "hr_recovery_bpm": 22.26284324790342,
    "hr_mean_bpm": 122.52304470130967,
    "rr_mean_ms": 489.7037952841426,
    "rr_std_ms": 33.56528841566995,
    "pq_mean_ms": 118.97005880165482,
    "qt_mean_ms": 252.4282666587762
}