{
    "session": "Tomasz_spoczynkowe",
    "cadence_bpm": 0,
    "total_steps": 0,
    "rr_mean_ms": 634.9541165697905,
    "rr_std_ms": 44.65582565215202,
    "pq_mean_ms": 185.17293422664076,
    "qt_mean_ms": 321.55573171375295,
    "hr_mean_bpm": 94.4950169378186
}